"id","name","type","price","stock","low_stock_threshold","category_id","image_url","is_active","created_at","owner_price"
"6e640f1b-0d46-432e-812c-90f4567922e1","سمبوسك لحم","EDEN_FOOD","142.50",100,5,"2d75b1f1-55b3-459d-b57a-e7802d37f21c",NULL,True,"2026-01-11 23:34:25.44887+00",NULL
"b987c5c1-4628-4f60-89d5-a3072d5fa71a","Shesha","EDEN_FOOD","240.00",100,5,"2d75b1f1-55b3-459d-b57a-e7802d37f21c",NULL,True,"2026-01-10 19:23:20.136+00",NULL
"898c3aae-55e8-483a-b440-dbbc571bc46e","كريب نوتيلا","EDEN_FOOD","125.40",100,5,"2d75b1f1-55b3-459d-b57a-e7802d37f21c",NULL,True,"2026-01-11 22:14:13.193929+00",NULL
"5f114d83-adbe-47a7-9aa4-8d635322bd0a","كريب نوتيلا وموز ومارشميلو","EDEN_FOOD","136.80",100,5,"2d75b1f1-55b3-459d-b57a-e7802d37f21c",NULL,True,"2026-01-11 22:14:13.193929+00",NULL
"fd1a6e16-5832-465a-80ea-c883d01de8de","كريب لوتس","EDEN_FOOD","142.50",100,5,"2d75b1f1-55b3-459d-b57a-e7802d37f21c",NULL,True,"2026-01-11 22:14:13.193929+00",NULL
"5fae4532-33ef-4389-b578-f969b02e69f2","كريب بستاشيو","EDEN_FOOD","148.20",100,5,"2d75b1f1-55b3-459d-b57a-e7802d37f21c",NULL,True,"2026-01-11 22:14:13.193929+00",NULL
"ef3b6bf1-8e27-4426-9ad2-35fa5df16e3c","كريب ميكس","EDEN_FOOD","159.60",100,5,"2d75b1f1-55b3-459d-b57a-e7802d37f21c",NULL,True,"2026-01-11 22:14:13.193929+00",NULL
"ac0719bd-6abb-45f9-aedf-b4f0246210e3","وافل نوتيلا","EDEN_FOOD","125.40",100,5,"2d75b1f1-55b3-459d-b57a-e7802d37f21c",NULL,True,"2026-01-11 22:14:13.193929+00",NULL
"b2ca1d57-a97b-45c3-8d25-44e2c62afd7e","وافل نوتيلا وموز","EDEN_FOOD","136.80",100,5,"2d75b1f1-55b3-459d-b57a-e7802d37f21c",NULL,True,"2026-01-11 22:14:13.193929+00",NULL
"dba9fbae-d864-4121-adf7-a04f5ca12c40","بطاطس بالجبنة الشيدر","EDEN_FOOD","171.00",100,5,"2d75b1f1-55b3-459d-b57a-e7802d37f21c",NULL,True,"2026-01-11 23:34:25.44887+00",NULL
"c73ff4d9-7644-46bb-8859-89373219bf5a","شيشة فواكه","EDEN_FOOD","240.00",100,5,"2d75b1f1-55b3-459d-b57a-e7802d37f21c",NULL,True,"2026-01-12 12:56:15.3+00",NULL
"f28aaab3-ed80-47cf-818a-4a30a4e05ea6","بيف استراجانوف","EDEN_FOOD","547.20",100,5,"2d75b1f1-55b3-459d-b57a-e7802d37f21c",NULL,True,"2026-01-11 23:34:03.434643+00",NULL
"bf471cb2-3462-4be9-999f-795257462595","طاسة مكرونة بالصوص الأحمر والسجق البلدي","EDEN_FOOD","285.00",100,5,"2d75b1f1-55b3-459d-b57a-e7802d37f21c",NULL,True,"2026-01-11 22:32:55.870074+00",NULL
"605db7ba-ac31-4a40-b9a3-e26c9277b84f","طاسة مكرونة سي فود بالصوص الروزيه","EDEN_FOOD","364.80",100,5,"2d75b1f1-55b3-459d-b57a-e7802d37f21c",NULL,True,"2026-01-11 22:32:55.870074+00",NULL
"dbf9e2be-ad5d-465a-9de8-8d01d5dcdc16","طاسة مكرونة بشاميل","EDEN_FOOD","296.40",100,5,"2d75b1f1-55b3-459d-b57a-e7802d37f21c",NULL,True,"2026-01-11 22:32:55.870074+00",NULL
"3a3cf606-cd17-441e-844a-72d032ce3b4f","طاسة ايدن المميزة","EDEN_FOOD","353.40",100,5,"2d75b1f1-55b3-459d-b57a-e7802d37f21c",NULL,True,"2026-01-11 22:32:55.870074+00",NULL
"c0587c60-e455-4198-a78c-74eb6344b578","فطيرة جبنة رومي","EDEN_FOOD","330.60",100,5,"2d75b1f1-55b3-459d-b57a-e7802d37f21c",NULL,True,"2026-01-11 22:53:16.814046+00",NULL
"3f827121-2360-4d44-b25c-25393f75a703","فطيرة سجق","EDEN_FOOD","364.80",100,5,"2d75b1f1-55b3-459d-b57a-e7802d37f21c",NULL,True,"2026-01-11 22:53:16.814046+00",NULL
"dfe90e0f-30a5-40be-a4ef-619ff30886a6","فطيرة لحم مفروم","EDEN_FOOD","342.00",100,5,"2d75b1f1-55b3-459d-b57a-e7802d37f21c",NULL,True,"2026-01-11 22:53:16.814046+00",NULL
"534e1f0b-5e8c-4c2e-8e14-aabe9f1126bf","فطيرة سوسيس","EDEN_FOOD","330.60",100,5,"2d75b1f1-55b3-459d-b57a-e7802d37f21c",NULL,True,"2026-01-11 22:53:16.814046+00",NULL
"a09995a7-0ac4-4030-994d-91d3da74e41d","فطيرة فراخ رانش","EDEN_FOOD","364.80",100,5,"2d75b1f1-55b3-459d-b57a-e7802d37f21c",NULL,True,"2026-01-11 22:53:16.814046+00",NULL
"6ed24670-6492-4673-aaf8-d16bc80dd679","فطيرة فراخ باربكيو","EDEN_FOOD","364.80",100,5,"2d75b1f1-55b3-459d-b57a-e7802d37f21c",NULL,True,"2026-01-11 22:53:16.814046+00",NULL
"124fe4b8-1713-4e08-828b-a021c9b52947","فطيرة بسطرمة","EDEN_FOOD","364.80",100,5,"2d75b1f1-55b3-459d-b57a-e7802d37f21c",NULL,True,"2026-01-11 22:53:16.814046+00",NULL
"b706ee63-300c-49c6-a89d-30b17d723f51","فطيرة لحوم مشكلة","EDEN_FOOD","410.40",100,5,"2d75b1f1-55b3-459d-b57a-e7802d37f21c",NULL,True,"2026-01-11 22:53:16.814046+00",NULL
"9b9149fe-a8be-4292-8eaf-783683dd1439","Schweppes (Pineapple)","DRINK","30.00",98,10,"55f0b9fc-d1da-478a-ab42-2842104885ca",NULL,True,"2026-01-10 18:30:29.598+00",NULL
"7104a6aa-c09c-4487-96bf-07cf00f322e3","Halo protein puffs","SNACK","25.00",28,10,"96980051-1014-4429-8b9a-d90c921a82c8",NULL,True,"2026-01-10 19:17:42.981+00",NULL
"ce093565-57aa-432c-8eb7-2140c0dd53e1","تشيز ملتد","EDEN_FOOD","216.60",100,5,"2d75b1f1-55b3-459d-b57a-e7802d37f21c",NULL,True,"2026-01-11 23:35:18.138996+00",NULL
"2b521f0c-a1dc-4f2a-a4bc-2a7f151bfa01","ساندوتش فرايز رول","EDEN_FOOD","125.40",100,5,"2d75b1f1-55b3-459d-b57a-e7802d37f21c",NULL,True,"2026-01-11 23:35:18.138996+00",NULL
"4bbdbe16-04c7-4166-b536-c6b4978d07a9","نصف فرخة مسحب مشوية","EDEN_FOOD","410.40",100,5,"2d75b1f1-55b3-459d-b57a-e7802d37f21c",NULL,True,"2026-01-11 23:36:02.151601+00",NULL
"9b0e21a0-9684-4256-875a-428672e51a2a","شيش طاووق مشوي","EDEN_FOOD","319.20",100,5,"2d75b1f1-55b3-459d-b57a-e7802d37f21c",NULL,True,"2026-01-11 23:36:02.151601+00",NULL
"ac02d100-c23e-4264-8255-8ee6a877b174","كفتة مشوية","EDEN_FOOD","330.60",100,5,"2d75b1f1-55b3-459d-b57a-e7802d37f21c",NULL,True,"2026-01-11 23:36:02.151601+00",NULL
"23efde29-759f-4544-aafd-267e3590dd5d","ساندوتش شيش طاووق","EDEN_FOOD","239.40",100,5,"2d75b1f1-55b3-459d-b57a-e7802d37f21c",NULL,True,"2026-01-11 23:36:20.468822+00",NULL
"43fb7c9a-f09d-46db-8cd0-4a599e9478f3","ساندوتش سجق بلدي","EDEN_FOOD","216.60",100,5,"2d75b1f1-55b3-459d-b57a-e7802d37f21c",NULL,True,"2026-01-11 23:36:20.468822+00",NULL
"0393de30-8089-4543-9433-f3eb4a5aaeda","ساندوتش كبدة اسكندراني","EDEN_FOOD","205.20",100,5,"2d75b1f1-55b3-459d-b57a-e7802d37f21c",NULL,True,"2026-01-11 23:36:20.468822+00",NULL
"759137ed-58ba-45e2-b022-31e04c54d5c9","ساندوتش حواوشي","EDEN_FOOD","239.40",100,5,"2d75b1f1-55b3-459d-b57a-e7802d37f21c",NULL,True,"2026-01-11 23:36:20.468822+00",NULL
"6eb32058-1392-45c6-8539-dc1589958481","تشيز برجر","EDEN_FOOD","239.40",100,5,"2d75b1f1-55b3-459d-b57a-e7802d37f21c",NULL,True,"2026-01-11 23:36:20.468822+00",NULL
"2399137f-b246-4bbc-8c7a-f4fb68096996","جريفي مشروم برجر","EDEN_FOOD","250.80",100,5,"2d75b1f1-55b3-459d-b57a-e7802d37f21c",NULL,True,"2026-01-11 23:36:20.468822+00",NULL
"409cf6a2-4e38-42b0-8776-c76857dc78d4","فيليه استيك","EDEN_FOOD","273.60",100,5,"2d75b1f1-55b3-459d-b57a-e7802d37f21c",NULL,True,"2026-01-11 23:36:20.468822+00",NULL
"c755516d-9f9e-451d-a5dd-634f36e462d8","كوردون بلو تشيكن","EDEN_FOOD","262.20",100,5,"2d75b1f1-55b3-459d-b57a-e7802d37f21c",NULL,True,"2026-01-11 23:36:20.468822+00",NULL
"90569cd4-1c99-45d8-b9c3-014a8f99bacb","تشيكن كرانش","EDEN_FOOD","222.30",100,5,"2d75b1f1-55b3-459d-b57a-e7802d37f21c",NULL,True,"2026-01-11 23:36:20.468822+00",NULL
"5112f25b-9ab1-493d-b6a5-8074b5494921","تشيكن فاهيتا","EDEN_FOOD","222.30",100,5,"2d75b1f1-55b3-459d-b57a-e7802d37f21c",NULL,True,"2026-01-11 23:36:20.468822+00",NULL
"938909c2-4479-4dc0-ab4d-a9c369075697","بيف فاهيتا","EDEN_FOOD","273.60",100,5,"2d75b1f1-55b3-459d-b57a-e7802d37f21c",NULL,True,"2026-01-11 23:36:20.468822+00",NULL
"b65459a3-2672-436c-a203-bdbbe4c247ad","فاهيتا ميكس","EDEN_FOOD","513.00",100,5,"2d75b1f1-55b3-459d-b57a-e7802d37f21c",NULL,True,"2026-01-11 23:34:03.434643+00",NULL
"851d841e-1658-49d1-98a6-ad14c58ff16d","جرلد سالمون","EDEN_FOOD","649.80",100,5,"2d75b1f1-55b3-459d-b57a-e7802d37f21c",NULL,True,"2026-01-11 23:34:03.434643+00",NULL
"8a072adc-e436-4686-ba30-6379fb1c42e3","فيليه الكاتوش","EDEN_FOOD","444.60",100,5,"2d75b1f1-55b3-459d-b57a-e7802d37f21c",NULL,True,"2026-01-11 23:34:03.434643+00",NULL
"0879598e-e34c-452e-b17a-9cc8c21a7672","شوربة دجاج بالكريمة","EDEN_FOOD","142.50",100,5,"2d75b1f1-55b3-459d-b57a-e7802d37f21c",NULL,True,"2026-01-11 23:34:25.44887+00",NULL
"c71bda08-e264-45ef-ba33-2515de3eef50","شوربة مشروم بالكريمة","EDEN_FOOD","136.80",100,5,"2d75b1f1-55b3-459d-b57a-e7802d37f21c",NULL,True,"2026-01-11 23:34:25.44887+00",NULL
"6f692f3f-bf1d-4a01-aeb3-01a448b23e43","شوربة سي فود","EDEN_FOOD","199.50",100,5,"2d75b1f1-55b3-459d-b57a-e7802d37f21c",NULL,True,"2026-01-11 23:34:25.44887+00",NULL
"cc5d1c3e-887d-491f-a8af-1ef45fbc4e14","شوربة لسان عصفور","EDEN_FOOD","85.50",100,5,"2d75b1f1-55b3-459d-b57a-e7802d37f21c",NULL,True,"2026-01-11 23:34:25.44887+00",NULL
"73381269-c3c4-4cde-8ae9-c11e3143421d","شوربة عدس","EDEN_FOOD","96.90",100,5,"2d75b1f1-55b3-459d-b57a-e7802d37f21c",NULL,True,"2026-01-11 23:34:25.44887+00",NULL
"d2361822-9b25-4f23-8c53-381796956638","سلطة يوناني","EDEN_FOOD","125.40",100,5,"2d75b1f1-55b3-459d-b57a-e7802d37f21c",NULL,True,"2026-01-11 23:34:25.44887+00",NULL
"ed6bdd28-e210-43c5-a428-437c4e2f82f1","Moro ( 1.5 G )","SNACK","30.00",13,10,"96980051-1014-4429-8b9a-d90c921a82c8",NULL,True,"2026-01-10 18:53:28.329+00",NULL
"521b6bae-3170-4c84-a5d7-81bff2e0fcd4","Tiger Excellence ","SNACK","25.00",6,10,"96980051-1014-4429-8b9a-d90c921a82c8",NULL,True,"2026-01-10 19:28:00.619+00",NULL
"431745dd-7fa8-4d67-a413-15f153df15da","أصابع جبنة موزاريلا مقلية","EDEN_FOOD","182.40",100,5,"2d75b1f1-55b3-459d-b57a-e7802d37f21c",NULL,True,"2026-01-11 23:34:25.44887+00",NULL
"58c823e1-c648-464c-98aa-fab40bf19506","بيف فيليه","EDEN_FOOD","592.80",100,5,"2d75b1f1-55b3-459d-b57a-e7802d37f21c",NULL,True,"2026-01-11 23:34:03.434643+00",NULL
"c2561b2a-3587-4c0a-88f3-0ff3dac58132","Shesha m3asel ","EDEN_FOOD","60.00",100,5,"2d75b1f1-55b3-459d-b57a-e7802d37f21c",NULL,True,"2026-01-12 19:31:19.944+00",NULL
"1b90bd4a-b335-4a41-bc8d-ffb93f3c2907","Hot Spanish Latte ","DRINK","90.00",95,10,"55f0b9fc-d1da-478a-ab42-2842104885ca",NULL,True,"2026-01-15 22:57:23.716+00",NULL
"7d4f61b6-c9a8-4ebc-944e-9fbac0289500","chipsy ( large ) ","SNACK","30.00",3,10,"96980051-1014-4429-8b9a-d90c921a82c8",NULL,True,"2026-01-10 19:20:45.337+00",NULL
"7eefef6d-db83-413c-a162-7ebeb3d5b7e4","Molto choco XXL","SNACK","25.00",107,10,"96980051-1014-4429-8b9a-d90c921a82c8",NULL,True,"2026-01-10 19:13:39.939+00",NULL
"207131e1-762a-4870-a16f-3ecf535737fa","Nescafe + Milk ","DRINK","50.00",76,10,"55f0b9fc-d1da-478a-ab42-2842104885ca",NULL,True,"2026-01-10 19:45:03.888+00",NULL
"d3649002-d745-4ab9-b890-8c3a62dbeacf","Balance protein","SNACK","30.00",156,10,"96980051-1014-4429-8b9a-d90c921a82c8",NULL,True,"2026-01-10 19:16:49.133+00",NULL
"3b7dc050-f196-41b8-8a45-7cda74f8125c","Big Chips ","SNACK","25.00",0,10,"96980051-1014-4429-8b9a-d90c921a82c8",NULL,True,"2026-01-10 19:26:53.119+00",NULL
"ed8a3a30-63bb-4c89-b51b-7746c6f2e047","Cortado","DRINK","70.00",98,10,"55f0b9fc-d1da-478a-ab42-2842104885ca",NULL,True,"2026-01-15 21:57:54.494+00",NULL
"b33edead-c715-4c3c-a6a8-3c680e785782","Cappuccino ","DRINK","70.00",95,10,"55f0b9fc-d1da-478a-ab42-2842104885ca",NULL,True,"2026-01-15 21:59:40.155+00",NULL
"d6ccd759-49ca-4b2d-b6af-d8a996b63e0f","Indomie Noodle Cup ( All Flavor)","SNACK","40.00",210,10,"96980051-1014-4429-8b9a-d90c921a82c8",NULL,True,"2026-01-11 21:14:29.164+00",NULL
"42e73e44-b3c1-4756-ad84-52944de6c3a8","Juhayna","DRINK","25.00",62,10,"55f0b9fc-d1da-478a-ab42-2842104885ca",NULL,True,"2026-01-10 18:38:59.288+00",NULL
"267b8c0d-10a1-48df-a919-f0212478fe19","Galaxy small","SNACK","30.00",7,1,"96980051-1014-4429-8b9a-d90c921a82c8",NULL,True,"2026-01-26 01:47:33.101+00",NULL
"ceafbea4-5344-4a0c-b2ef-d73d8dacab29","Orange fresh ","DRINK","70.00",97,10,"55f0b9fc-d1da-478a-ab42-2842104885ca",NULL,True,"2026-01-14 00:59:26.736+00",NULL
"f721a717-4527-4afb-a679-33ac3cd2a324","American coffee ","DRINK","60.00",92,10,"55f0b9fc-d1da-478a-ab42-2842104885ca",NULL,True,"2026-01-23 21:00:28.51+00",NULL
"5c86c429-8344-4a43-9115-73d03127d574","Macchiato Single ","DRINK","40.00",100,10,"55f0b9fc-d1da-478a-ab42-2842104885ca",NULL,True,"2026-01-23 20:57:51.825+00",NULL
"c22545b2-96d2-4c5a-8dd9-9d4350203b00","Jelly sour ","SNACK","20.00",44,10,"96980051-1014-4429-8b9a-d90c921a82c8",NULL,True,"2026-01-22 03:48:40.608+00",NULL
"8a5b3912-a9c9-4169-8b27-6d6fdde14f22","VCOLA DIET","DRINK","30.00",0,10,"55f0b9fc-d1da-478a-ab42-2842104885ca",NULL,True,"2026-01-10 18:28:03.088+00",NULL
"e1fa0759-091a-4508-9a24-4f3dd0592eb2","Tea with milk ","DRINK","40.00",93,10,"55f0b9fc-d1da-478a-ab42-2842104885ca",NULL,True,"2026-01-11 00:35:35.987+00",NULL
"5b12248f-8361-4f7c-a51e-4be1e7cca7c8","MIRINDA ","DRINK","30.00",165,10,"55f0b9fc-d1da-478a-ab42-2842104885ca",NULL,True,"2026-01-10 18:30:59.092+00",NULL
"e3440e19-7894-4287-b788-6445a55a22f4","7up","DRINK","30.00",58,10,"55f0b9fc-d1da-478a-ab42-2842104885ca",NULL,True,"2026-01-10 18:22:49.276+00",NULL
"7b6b4b28-cd3a-4bb0-a366-d6f1608b135d","Ice Cup add on lemon","DRINK","10.00",89,1,"55f0b9fc-d1da-478a-ab42-2842104885ca",NULL,True,"2026-01-10 19:32:03.737+00",NULL
"2e35adde-e8cf-42ce-9535-3e0af96615af","Snickers ( 40 G )","SNACK","50.00",62,10,"96980051-1014-4429-8b9a-d90c921a82c8",NULL,True,"2026-01-10 18:48:49.186+00",NULL
"913b933e-9ec6-4d7c-9767-c57099ead2a9","Pepsi Diet","DRINK","30.00",55,10,"55f0b9fc-d1da-478a-ab42-2842104885ca",NULL,True,"2026-01-10 18:24:13.554+00",NULL
"1777b8cf-58d4-4e93-bd02-b5e8a99f1dff","Milkshake ","DRINK","110.00",87,10,"55f0b9fc-d1da-478a-ab42-2842104885ca",NULL,True,"2026-01-14 21:03:03.783+00",NULL
"86fd5a45-26d8-4811-8529-9df183395b86","Juhayna Pure","DRINK","35.00",78,10,"55f0b9fc-d1da-478a-ab42-2842104885ca",NULL,True,"2026-01-10 18:36:41.636+00",NULL
"41c7d217-141d-45c7-a3ea-3db366668808","Pringles","SNACK","60.00",7,10,"96980051-1014-4429-8b9a-d90c921a82c8",NULL,True,"2026-01-22 03:43:25.146+00",NULL
"de8625ad-35fa-4f65-9e8c-3259f9307719","Macchiato double","DRINK","85.00",99,10,"55f0b9fc-d1da-478a-ab42-2842104885ca",NULL,True,"2026-01-23 20:57:02.745+00",NULL
"e83c399c-1a1e-4bd7-ba58-7d22636c69a8","Flutes small ","SNACK","20.00",48,10,"96980051-1014-4429-8b9a-d90c921a82c8",NULL,True,"2026-01-23 17:10:47.658+00",NULL
"9cf78df7-2222-4014-a4b9-235090504b80","Sting ","DRINK","30.00",21,10,"55f0b9fc-d1da-478a-ab42-2842104885ca",NULL,True,"2026-01-10 18:46:21.777+00",NULL
"9497278d-5ef3-42e8-9f0f-3de240100947","French coffee ","DRINK","50.00",87,10,"55f0b9fc-d1da-478a-ab42-2842104885ca",NULL,True,"2026-01-12 18:29:21.305+00",NULL
"80b9aa1c-578f-4d94-a82a-c18e9d538cd0","Berill","DRINK","35.00",19,10,"55f0b9fc-d1da-478a-ab42-2842104885ca",NULL,True,"2026-01-10 18:20:50.309+00",NULL
"b95cd4d1-4eee-4890-94ce-9e346cefe197","Chato","SNACK","30.00",4,10,"96980051-1014-4429-8b9a-d90c921a82c8",NULL,True,"2026-01-22 03:51:38.624+00",NULL
"0e1f3ee6-be69-43a3-b7da-dbdcd3cc3328","Vcola","DRINK","30.00",0,10,"55f0b9fc-d1da-478a-ab42-2842104885ca",NULL,True,"2026-01-10 18:27:44.094+00",NULL
"8798eaa9-a642-441d-aae4-e2b0b3512cfd","Fresh mango ","DRINK","80.00",92,10,"55f0b9fc-d1da-478a-ab42-2842104885ca",NULL,True,"2026-01-13 23:52:52.117+00",NULL
"5ac0d33a-61d6-4a9a-8d1c-f8c84b7e5916","Hot chocolate ","DRINK","60.00",95,10,"55f0b9fc-d1da-478a-ab42-2842104885ca",NULL,True,"2026-01-14 18:15:09.788+00",NULL
"b95e3958-f429-427f-a666-80c6b40eb5a8","فطيرة ميكس فراخ","EDEN_FOOD","410.40",100,5,"2d75b1f1-55b3-459d-b57a-e7802d37f21c",NULL,True,"2026-01-11 22:53:16.814046+00",NULL
"78f3c45d-5567-401c-b95f-d182c6731e76","فطيرة ميكس كيري وبسطرمة","EDEN_FOOD","399.00",100,5,"2d75b1f1-55b3-459d-b57a-e7802d37f21c",NULL,True,"2026-01-11 22:53:16.814046+00",NULL
"18740824-70b6-49bd-b345-556312126e3c","فطيرة ميكس كيري وسجق","EDEN_FOOD","399.00",100,5,"2d75b1f1-55b3-459d-b57a-e7802d37f21c",NULL,True,"2026-01-11 22:53:16.814046+00",NULL
"5c57d914-f750-4c97-aeec-bc58900d6f94","Galaxy ( BIG ) ","SNACK","50.00",153,10,"96980051-1014-4429-8b9a-d90c921a82c8",NULL,True,"2026-01-10 18:49:46.429+00",NULL
"9a558861-6b23-49b9-b07e-259a4caa7e80","Twinkies ( small ) ","SNACK","15.00",149,10,"96980051-1014-4429-8b9a-d90c921a82c8",NULL,True,"2026-01-10 19:00:10.6+00",NULL
"4d48408f-518d-4ae4-b3d8-f351a0f118f1","TUC ( all ) ","SNACK","25.00",52,10,"96980051-1014-4429-8b9a-d90c921a82c8",NULL,True,"2026-01-10 19:06:49.711+00",NULL
"63c0ddd8-0a3e-49e6-9ca0-3043e1940bca","Chipsy small","SNACK","20.00",32,10,"96980051-1014-4429-8b9a-d90c921a82c8",NULL,True,"2026-01-10 19:21:32.212+00",NULL
"4be060f1-6329-4642-915c-26b33afbf0e2","Flaminco peanut puffs","SNACK","20.00",29,10,"96980051-1014-4429-8b9a-d90c921a82c8",NULL,True,"2026-01-10 19:18:33.822+00",NULL
"e90ea406-94c6-47a3-b571-b3e62008e8c5","twix ( 2 pieces)","SNACK","45.00",35,10,"96980051-1014-4429-8b9a-d90c921a82c8",NULL,True,"2026-01-10 18:45:00.028+00",NULL
"aae2f76c-da81-4a79-b120-2ccefe003f54","Crunchy","SNACK","20.00",214,10,"96980051-1014-4429-8b9a-d90c921a82c8",NULL,True,"2026-01-10 19:22:18.074+00",NULL
"cfcaaaa6-c787-4a14-ab50-64a58e3d392a","Extra Milk","DRINK","25.00",90,10,"55f0b9fc-d1da-478a-ab42-2842104885ca",NULL,True,"2026-01-15 22:55:41.863+00",NULL
"33935719-d794-4f08-9ec2-0dd3a75b0cba","Popcorn","SNACK","50.00",53,10,"96980051-1014-4429-8b9a-d90c921a82c8",NULL,True,"2026-01-10 19:22:39.867+00",NULL
"d35b60ca-a4aa-48d1-a738-77562ee29f7c","Turkish Coffee (Double)","DRINK","60.00",70,10,"55f0b9fc-d1da-478a-ab42-2842104885ca",NULL,True,"2026-01-10 18:57:30.06+00",NULL
"76b4527d-f6b3-42dc-8109-94d1cd65dcbb","Bake Rolz ( BIG ) ","SNACK","25.00",0,10,"96980051-1014-4429-8b9a-d90c921a82c8",NULL,True,"2026-01-10 19:24:01.665+00",NULL
"85d5d0fa-798f-44c2-81c4-38e06a2451a0","Fresh Strawberry ","DRINK","80.00",98,10,"55f0b9fc-d1da-478a-ab42-2842104885ca",NULL,True,"2026-01-10 19:56:30.56+00",NULL
"69dbbcde-d9ab-4695-bc7e-69681685869e","Doritos ( small )","SNACK","20.00",88,10,"96980051-1014-4429-8b9a-d90c921a82c8",NULL,True,"2026-01-10 19:22:59.943+00",NULL
"50b41a7f-143c-4397-9acd-fbbeb68d00ae","Loacker ","SNACK","35.00",37,10,"96980051-1014-4429-8b9a-d90c921a82c8",NULL,True,"2026-01-10 19:00:45.768+00",NULL
"f079b9dd-fc82-4577-81b2-e606311010fd","Trident","SNACK","20.00",11,10,"96980051-1014-4429-8b9a-d90c921a82c8",NULL,True,"2026-01-10 19:10:01.577+00",NULL
"7ea3fd9f-854f-455a-b8f4-c6578ddbada2","Green Tea","DRINK","25.00",64,10,"55f0b9fc-d1da-478a-ab42-2842104885ca",NULL,True,"2026-01-10 18:56:44.797+00",NULL
"f2996cbc-e7f7-49bf-af47-475003684180","Popcorn small","SNACK","25.00",58,10,"96980051-1014-4429-8b9a-d90c921a82c8",NULL,True,"2026-01-10 21:26:48.726+00",NULL
"fc800aee-c420-499b-96a0-fc7a7c1a3099","Flutes 4 pieces","SNACK","45.00",9,10,"96980051-1014-4429-8b9a-d90c921a82c8",NULL,True,"2026-01-10 18:56:40.931+00",NULL
"b1ad669c-b35b-4904-9bac-7b7067a84200","HOHOS ( SMALL ) ","SNACK","15.00",80,10,"96980051-1014-4429-8b9a-d90c921a82c8",NULL,True,"2026-01-10 18:20:37.616+00",NULL
"43e43efd-884c-4be0-a64b-722e49a63e14","Coca Cola ZERO","DRINK","30.00",89,10,"55f0b9fc-d1da-478a-ab42-2842104885ca",NULL,True,"2026-01-10 18:26:40.245+00",NULL
"c9086f73-9993-485c-99a9-f555c44ec3a8","7Up (Diet)","DRINK","30.00",29,10,"55f0b9fc-d1da-478a-ab42-2842104885ca",NULL,True,"2026-01-10 18:25:05.607+00",NULL
"7ca14a26-6397-4f8b-8ca5-9d9f761c0e48","Halley biscuit","SNACK","25.00",28,10,"96980051-1014-4429-8b9a-d90c921a82c8",NULL,True,"2026-01-10 19:08:27.771+00",NULL
"64bf41d1-9551-448c-9293-0a44bb7d7e3b","Water","DRINK","10.00",159,10,"55f0b9fc-d1da-478a-ab42-2842104885ca",NULL,True,"2026-01-10 18:33:12.9+00",NULL
"6fcf7664-3e42-4a95-982c-91d266adb01a","Sparkling Water","DRINK","35.00",0,10,"55f0b9fc-d1da-478a-ab42-2842104885ca",NULL,True,"2026-01-10 19:43:03.501+00",NULL
"0e5a3902-832e-48aa-8bce-d1e4b730dad3","Turkish Coffee (Singe)","DRINK","40.00",11,10,"55f0b9fc-d1da-478a-ab42-2842104885ca",NULL,True,"2026-01-10 18:57:15.976+00",NULL
"c935e7ba-63c4-4890-b0fa-dfd5ee1ddb54","Wafers","SNACK","15.00",32,10,"96980051-1014-4429-8b9a-d90c921a82c8",NULL,True,"2026-01-10 19:02:12.42+00",NULL
"3e34eba5-534c-4592-90e4-c817ef7b6493","Bake Rolz small ","SNACK","15.00",1,1,"96980051-1014-4429-8b9a-d90c921a82c8",NULL,True,"2026-01-10 19:24:29.772+00",NULL
"e8987096-e1cd-4c1b-89b7-83ee50348757","Fresh Lemon Mint Juice","DRINK","70.00",92,10,"55f0b9fc-d1da-478a-ab42-2842104885ca",NULL,True,"2026-01-10 19:58:41.317+00",NULL
"9d2f58a7-33cd-49c3-87ac-a8f6d8a676b2","SPIRO SPATHIS (Apple)","DRINK","30.00",0,10,"55f0b9fc-d1da-478a-ab42-2842104885ca",NULL,True,"2026-01-10 18:43:49.725+00",NULL
"c8969693-5b9d-44f9-82f0-6d786ef27524","Coca Cola","DRINK","30.00",33,10,"55f0b9fc-d1da-478a-ab42-2842104885ca",NULL,True,"2026-01-10 18:23:32.991+00",NULL
"2e4e4f88-ed8f-4b3f-8992-838851057fb0","Sun Bites","SNACK","25.00",1,1,"96980051-1014-4429-8b9a-d90c921a82c8",NULL,True,"2026-01-10 19:25:31.703+00",NULL
"79cf58a7-0da7-4f61-9718-ffc450604ed5","Kitkat 4 pieces","SNACK","50.00",23,10,"96980051-1014-4429-8b9a-d90c921a82c8",NULL,True,"2026-01-10 18:22:15.631+00",NULL
"dee426c4-74a5-4468-94e4-a9b304a9b18a","Oreo ( x 6 ) ","SNACK","25.00",50,10,"96980051-1014-4429-8b9a-d90c921a82c8",NULL,True,"2026-01-10 19:31:49.391+00",NULL
"8555f495-b823-42da-894f-001b44592dc4","Kinder Bueno","SNACK","60.00",85,10,"96980051-1014-4429-8b9a-d90c921a82c8",NULL,True,"2026-01-10 18:44:06.533+00",NULL
"eb774ebf-cbf9-42a9-888f-f189a07993c1","Diary Milk Oreo ( 16 G ) ","SNACK","35.00",0,1,"96980051-1014-4429-8b9a-d90c921a82c8",NULL,True,"2026-01-10 18:43:31.115+00",NULL
"4d953974-c699-4139-a440-bce713b53ad0","Ice Cappuccino  ","DRINK","80.00",86,10,"55f0b9fc-d1da-478a-ab42-2842104885ca",NULL,True,"2026-01-15 23:02:06.642+00",NULL
"511c5585-79c2-414c-bda0-9d0ebd8dd10c","Mojito","DRINK","120.00",91,10,"55f0b9fc-d1da-478a-ab42-2842104885ca",NULL,True,"2026-01-10 18:57:49.891+00",NULL
"32adfe36-6137-4a07-8352-cb3fad23738e","Fresh Guava ","DRINK","70.00",94,10,"55f0b9fc-d1da-478a-ab42-2842104885ca",NULL,True,"2026-01-10 19:54:51.239+00",NULL
"c4f04619-65f8-491c-833a-53318c3faf31","REDBULL Mojito","DRINK","150.00",97,10,"55f0b9fc-d1da-478a-ab42-2842104885ca",NULL,True,"2026-01-15 22:56:38.028+00",NULL
"8259f9d8-644a-4f3c-8a36-c6aff68b415d","Ice Cup","DRINK","5.00",36,10,"55f0b9fc-d1da-478a-ab42-2842104885ca",NULL,True,"2026-01-10 19:31:32.086+00",NULL
"85691d11-6acf-49f4-8390-c005048469c9","Cheetos puffs ","SNACK","20.00",21,10,"96980051-1014-4429-8b9a-d90c921a82c8",NULL,True,"2026-01-10 19:27:27.345+00",NULL
"8a9d0b63-5f4e-4eba-bf72-f0381f449842","REDBULL (All)","DRINK","75.00",210,10,"55f0b9fc-d1da-478a-ab42-2842104885ca",NULL,True,"2026-01-10 18:17:51.225+00",NULL
"cd055de9-9234-4d12-a5dc-173bde65b6b0","Fayrouz ","DRINK","30.00",48,10,"55f0b9fc-d1da-478a-ab42-2842104885ca",NULL,True,"2026-01-10 18:22:22.227+00",NULL
"93310b75-b3d3-4087-bab1-7f5954cb9c63","Mandolin ( small","SNACK","20.00",3,10,"96980051-1014-4429-8b9a-d90c921a82c8",NULL,True,"2026-01-10 19:01:20.539+00",NULL
"74445f59-6eb0-4328-93de-7443d3c3c082","Yansoon","DRINK","30.00",82,10,"55f0b9fc-d1da-478a-ab42-2842104885ca",NULL,True,"2026-01-10 20:16:00.658+00",NULL
"b96ac9f0-afb6-42a7-917b-a4cee7b87a7f","Red Tea","DRINK","25.00",0,10,"55f0b9fc-d1da-478a-ab42-2842104885ca",NULL,True,"2026-01-10 18:56:26.013+00",NULL
"56856aaa-af56-4244-a924-791457483189","فطيرة ميكس جبن","EDEN_FOOD","353.40",100,5,"2d75b1f1-55b3-459d-b57a-e7802d37f21c",NULL,True,"2026-01-11 22:53:16.814046+00",NULL
"9bfad5ca-9884-425f-8e3c-866c7563c84f","فطيرة جمبري","EDEN_FOOD","433.20",100,5,"2d75b1f1-55b3-459d-b57a-e7802d37f21c",NULL,True,"2026-01-11 22:53:16.814046+00",NULL
"137fc2da-8ebc-4903-90cf-ca4c14d148bd","فطيرة تونة","EDEN_FOOD","364.80",100,5,"2d75b1f1-55b3-459d-b57a-e7802d37f21c",NULL,True,"2026-01-11 22:53:16.814046+00",NULL
"a856ca36-df28-4630-b640-80fdcaad196c","فطيرة سي فود","EDEN_FOOD","444.60",100,5,"2d75b1f1-55b3-459d-b57a-e7802d37f21c",NULL,True,"2026-01-11 22:53:16.814046+00",NULL
"7ff20b4c-75f9-4c3c-a255-b3e24776808a","فطيرة رومي مدخن","EDEN_FOOD","330.60",100,5,"2d75b1f1-55b3-459d-b57a-e7802d37f21c",NULL,True,"2026-01-11 22:53:16.814046+00",NULL
"17bac17c-001c-47e9-a576-0f77755f5784","فطيرة سلامي","EDEN_FOOD","330.60",100,5,"2d75b1f1-55b3-459d-b57a-e7802d37f21c",NULL,True,"2026-01-11 22:58:44.483321+00",NULL
"94991211-55b8-426f-b966-afb138773cb1","فطيرة روز بييف","EDEN_FOOD","330.60",100,5,"2d75b1f1-55b3-459d-b57a-e7802d37f21c",NULL,True,"2026-01-11 22:58:44.483321+00",NULL
"e42172b5-49b2-4a20-811f-6a5a59df9ffd","فطيرة تونة صيامي","EDEN_FOOD","228.00",100,5,"2d75b1f1-55b3-459d-b57a-e7802d37f21c",NULL,True,"2026-01-11 22:58:44.483321+00",NULL
"66a22d5c-962f-4052-a4c0-0d4173c7a9de","فطيرة مشروم صيامي","EDEN_FOOD","205.20",100,5,"2d75b1f1-55b3-459d-b57a-e7802d37f21c",NULL,True,"2026-01-11 22:58:44.483321+00",NULL
"6133d29e-4a63-45c5-8034-b67b41121a64","فطيرة خضار صيامي","EDEN_FOOD","171.00",100,5,"2d75b1f1-55b3-459d-b57a-e7802d37f21c",NULL,True,"2026-01-11 22:58:44.483321+00",NULL
"8a58c1f6-6d45-47b3-8c09-99cdf9ce9bdb","فطيرة نوتيلا كاستر / موز","EDEN_FOOD","205.20",100,5,"2d75b1f1-55b3-459d-b57a-e7802d37f21c",NULL,True,"2026-01-11 22:59:21.667321+00",NULL
"a5287eef-237a-41ba-ac2a-3ad66fd3dfb8","فطيرة نوتيلا مكسرات","EDEN_FOOD","250.80",100,5,"2d75b1f1-55b3-459d-b57a-e7802d37f21c",NULL,True,"2026-01-11 22:59:21.667321+00",NULL
"2eedc74a-3739-4981-9069-3a820fa55305","فطيرة حلو سادة","EDEN_FOOD","102.60",100,5,"2d75b1f1-55b3-459d-b57a-e7802d37f21c",NULL,True,"2026-01-11 22:59:21.667321+00",NULL
"9dd6b042-d2ee-4b17-bc39-1b64c5ca0c7e","فطيرة حلو بالكريمة","EDEN_FOOD","125.40",100,5,"2d75b1f1-55b3-459d-b57a-e7802d37f21c",NULL,True,"2026-01-11 22:59:21.667321+00",NULL
"ebd234bc-b831-42a4-90f3-7cf9183f56ab","فطيرة حلو بسبوسة وكنافة","EDEN_FOOD","182.40",100,5,"2d75b1f1-55b3-459d-b57a-e7802d37f21c",NULL,True,"2026-01-11 22:59:21.667321+00",NULL
"3d53e2d6-bbce-4201-b6b1-ddd373b7b3e7","فطيرة حلو قشطة وعسل","EDEN_FOOD","182.40",100,5,"2d75b1f1-55b3-459d-b57a-e7802d37f21c",NULL,True,"2026-01-11 22:59:21.667321+00",NULL
"16087f52-c1b3-4f97-a460-291aa88d359a","فطيرة لوتس","EDEN_FOOD","205.20",100,5,"2d75b1f1-55b3-459d-b57a-e7802d37f21c",NULL,True,"2026-01-11 22:59:21.667321+00",NULL
"93691d58-70a0-4feb-bf7b-fac454b47d74","فطيرة ميكس بستاشيو","EDEN_FOOD","285.00",100,5,"2d75b1f1-55b3-459d-b57a-e7802d37f21c",NULL,True,"2026-01-11 22:59:21.667321+00",NULL
"63936300-55a8-4514-914b-f5f75170c0c1","فطيرة بوغاشه","EDEN_FOOD","114.00",100,5,"2d75b1f1-55b3-459d-b57a-e7802d37f21c",NULL,True,"2026-01-11 22:59:21.667321+00",NULL
"18f94602-f4cf-4ace-9820-ba8292222dc1","فطيرة ميكس نوتيلا / لوتس","EDEN_FOOD","228.00",100,5,"2d75b1f1-55b3-459d-b57a-e7802d37f21c",NULL,True,"2026-01-11 22:59:21.667321+00",NULL
"a68affa0-65b1-455e-8408-864947fe37ec","فطيرة مشلتت","EDEN_FOOD","228.00",100,5,"2d75b1f1-55b3-459d-b57a-e7802d37f21c",NULL,True,"2026-01-11 22:59:21.667321+00",NULL
"05566860-7039-41f5-958a-6d5ecef006e9","وجبة فطيرة مشلتت","EDEN_FOOD","330.60",100,5,"2d75b1f1-55b3-459d-b57a-e7802d37f21c",NULL,True,"2026-01-11 22:59:21.667321+00",NULL
"e96e2de3-a7c7-4522-b87e-dedaa793bffa","تشيكن جريل","EDEN_FOOD","376.20",100,5,"2d75b1f1-55b3-459d-b57a-e7802d37f21c",NULL,True,"2026-01-11 23:34:03.434643+00",NULL
"5726aaf2-9544-4172-b8cd-dae4b9989c6b","تشيكن كانتري كلوب","EDEN_FOOD","433.20",100,5,"2d75b1f1-55b3-459d-b57a-e7802d37f21c",NULL,True,"2026-01-11 23:34:03.434643+00",NULL
"9c9098a7-a1e6-4255-b8f2-539196b2b339","تشيكن جريل & فرايز","EDEN_FOOD","399.00",100,5,"2d75b1f1-55b3-459d-b57a-e7802d37f21c",NULL,True,"2026-01-11 23:34:03.434643+00",NULL
"27cb212c-6be6-405c-9c71-57ce16a6bc57","ريب آي استيك","EDEN_FOOD","627.00",100,5,"2d75b1f1-55b3-459d-b57a-e7802d37f21c",NULL,True,"2026-01-11 23:34:03.434643+00",NULL
"c53e5804-9414-4736-a24c-00e403392099","فاهيتا بيف","EDEN_FOOD","513.00",100,5,"2d75b1f1-55b3-459d-b57a-e7802d37f21c",NULL,True,"2026-01-11 23:34:03.434643+00",NULL
"0c17018f-e892-4398-b86a-157e6c528c77","فاهيتا تشيكن","EDEN_FOOD","444.60",100,5,"2d75b1f1-55b3-459d-b57a-e7802d37f21c",NULL,True,"2026-01-11 23:34:03.434643+00",NULL
"9526338f-4453-4160-a1c3-aa35c98dea24","وافل نوتيلا وموز ومارشميلو","EDEN_FOOD","142.50",100,5,"2d75b1f1-55b3-459d-b57a-e7802d37f21c",NULL,True,"2026-01-11 22:14:13.193929+00",NULL
"426da956-cbb6-4a91-9b5d-36c282f42eba","وافل لوتس","EDEN_FOOD","142.50",100,5,"2d75b1f1-55b3-459d-b57a-e7802d37f21c",NULL,True,"2026-01-11 22:14:13.193929+00",NULL
"85fefade-f30a-4063-a82b-488ba5b89d2f","وافل بستاشيو","EDEN_FOOD","148.20",100,5,"2d75b1f1-55b3-459d-b57a-e7802d37f21c",NULL,True,"2026-01-11 22:14:13.193929+00",NULL
"cd062925-f2f6-4c90-98b4-0a4666e6fa26","وافل كنافة بستاشيو","EDEN_FOOD","148.20",100,5,"2d75b1f1-55b3-459d-b57a-e7802d37f21c",NULL,True,"2026-01-11 22:14:13.193929+00",NULL
"5254e9ce-b816-48c3-9a85-4bbe8ca7b0da","وافل اوريو ايس كريم","EDEN_FOOD","148.20",100,5,"2d75b1f1-55b3-459d-b57a-e7802d37f21c",NULL,True,"2026-01-11 22:14:13.193929+00",NULL
"99827c5e-f8f2-4226-b93c-b64eec288e76","وافل ميكس","EDEN_FOOD","159.60",100,5,"2d75b1f1-55b3-459d-b57a-e7802d37f21c",NULL,True,"2026-01-11 22:14:13.193929+00",NULL
"d890c9c7-588f-4a2f-860c-3c1f33a34019","مولتن","EDEN_FOOD","131.10",100,5,"2d75b1f1-55b3-459d-b57a-e7802d37f21c",NULL,True,"2026-01-11 22:14:13.193929+00",NULL
"b5448d7b-b9da-4008-824d-757619f77f97","نجريسكو","EDEN_FOOD","307.80",100,5,"2d75b1f1-55b3-459d-b57a-e7802d37f21c",NULL,True,"2026-01-11 22:32:55.870074+00",NULL
"1295ce42-e13b-4274-ae49-2145e6257db0","باستا ارابياتا","EDEN_FOOD","205.20",100,5,"2d75b1f1-55b3-459d-b57a-e7802d37f21c",NULL,True,"2026-01-11 22:32:55.870074+00",NULL
"5be6d734-8228-46f8-8689-f2681350fddc","باستا الفريدو","EDEN_FOOD","285.00",100,5,"2d75b1f1-55b3-459d-b57a-e7802d37f21c",NULL,True,"2026-01-11 22:32:55.870074+00",NULL
"06196f3b-6c84-410a-8b2c-15d12471c518","باستا سجق","EDEN_FOOD","250.80",100,5,"2d75b1f1-55b3-459d-b57a-e7802d37f21c",NULL,True,"2026-01-11 22:32:55.870074+00",NULL
"06ce32ce-e54d-4855-8164-a4c9b3e00cb1","باستا ميت بولز","EDEN_FOOD","273.60",100,5,"2d75b1f1-55b3-459d-b57a-e7802d37f21c",NULL,True,"2026-01-11 22:32:55.870074+00",NULL
"2d070d58-9304-4a62-a47a-1cd085c2f595","براونيز","EDEN_FOOD","108.30",100,5,"2d75b1f1-55b3-459d-b57a-e7802d37f21c",NULL,True,"2026-01-11 22:14:13.193929+00",NULL
"ab97abce-b1c5-4501-b3ed-3ca98435a1f4","تشيز كيك","EDEN_FOOD","125.40",100,5,"2d75b1f1-55b3-459d-b57a-e7802d37f21c",NULL,True,"2026-01-11 22:14:13.193929+00",NULL
"1e62fafe-70f5-4376-ba60-0277bb9f7dfa","سمبوسك جبنة","EDEN_FOOD","131.10",100,5,"2d75b1f1-55b3-459d-b57a-e7802d37f21c",NULL,True,"2026-01-11 23:34:25.44887+00",NULL
"1cc4a818-4ae0-4b43-82f9-e94c5a72c866","سبرنج رول","EDEN_FOOD","125.40",100,5,"2d75b1f1-55b3-459d-b57a-e7802d37f21c",NULL,True,"2026-01-11 23:34:25.44887+00",NULL
"c8fd1c46-46e7-483e-b84c-7d4f2a35d1e3","سوبر سوبريم","EDEN_FOOD","222.30",100,5,"2d75b1f1-55b3-459d-b57a-e7802d37f21c",NULL,True,"2026-01-11 23:34:59.152505+00",NULL
"3c6e12a8-7e02-4911-8242-d30ce8c7e5ac","بيبروني","EDEN_FOOD","210.90",100,5,"2d75b1f1-55b3-459d-b57a-e7802d37f21c",NULL,True,"2026-01-11 23:34:59.152505+00",NULL
"dba5a6ec-a982-4bbe-919f-d0436ec69589","باربكيو","EDEN_FOOD","210.90",100,5,"2d75b1f1-55b3-459d-b57a-e7802d37f21c",NULL,True,"2026-01-11 23:34:59.152505+00",NULL
"78ecbe84-ca70-47a4-9350-689373fd59ec","كواترو فورماجي","EDEN_FOOD","222.30",100,5,"2d75b1f1-55b3-459d-b57a-e7802d37f21c",NULL,True,"2026-01-11 23:34:59.152505+00",NULL
"8d6b11c3-e671-4227-b919-eb7468ba6b40","بيتزا خضروات","EDEN_FOOD","188.10",100,5,"2d75b1f1-55b3-459d-b57a-e7802d37f21c",NULL,True,"2026-01-11 23:34:59.152505+00",NULL
"08db63f0-91fe-4f68-acd4-c4c1e5135761","فروتي دي ماري","EDEN_FOOD","296.40",100,5,"2d75b1f1-55b3-459d-b57a-e7802d37f21c",NULL,True,"2026-01-11 23:34:59.152505+00",NULL
"6f843b49-a338-424b-8448-98f611421e47","بيتزا ايدن","EDEN_FOOD","262.20",100,5,"2d75b1f1-55b3-459d-b57a-e7802d37f21c",NULL,True,"2026-01-11 23:34:59.152505+00",NULL
"b44802f2-5fc6-4f21-94d2-34bcbefd5864","اومليت هوت دوج","EDEN_FOOD","165.30",100,5,"2d75b1f1-55b3-459d-b57a-e7802d37f21c",NULL,True,"2026-01-11 23:35:18.138996+00",NULL
"a3e55539-6e15-4289-bb21-ed9f549bce0c","اومليت بسطرمة","EDEN_FOOD","176.70",100,5,"2d75b1f1-55b3-459d-b57a-e7802d37f21c",NULL,True,"2026-01-11 23:35:18.138996+00",NULL
"25a7e62f-b64e-45dd-a3ba-f6ab061151d1","تشيز اومليت","EDEN_FOOD","153.90",100,5,"2d75b1f1-55b3-459d-b57a-e7802d37f21c",NULL,True,"2026-01-11 23:35:18.138996+00",NULL
"327a356c-cea6-45bb-84c6-f8dbce753fa9","كساديا ميكس جبن","EDEN_FOOD","216.60",100,5,"2d75b1f1-55b3-459d-b57a-e7802d37f21c",NULL,True,"2026-01-11 23:35:18.138996+00",NULL
"6050814f-ff0b-4568-890c-9fd81b667b68","سلطة سيزر بالدجاج المشوي","EDEN_FOOD","176.70",100,5,"2d75b1f1-55b3-459d-b57a-e7802d37f21c",NULL,True,"2026-01-11 23:34:25.44887+00",NULL
"8fd07336-2c01-4d17-93d6-eb3b3833211f","سلطة تونة","EDEN_FOOD","210.90",100,5,"2d75b1f1-55b3-459d-b57a-e7802d37f21c",NULL,True,"2026-01-11 23:34:25.44887+00",NULL
"95cab9ef-9582-435c-a839-268f6f12759b","كساديا","EDEN_FOOD","256.50",100,5,"2d75b1f1-55b3-459d-b57a-e7802d37f21c",NULL,True,"2026-01-11 23:34:25.44887+00",NULL
"3f44efc6-fe1a-415d-80c6-42d8e81e8532","بيتزا تونة","EDEN_FOOD","262.20",99,5,"2d75b1f1-55b3-459d-b57a-e7802d37f21c",NULL,True,"2026-01-11 23:34:59.152505+00",NULL
"8b58880a-73a1-4407-89e3-42a9e23e4c1c","تشيكن ستربس","EDEN_FOOD","205.20",100,5,"2d75b1f1-55b3-459d-b57a-e7802d37f21c",NULL,True,"2026-01-11 23:34:25.44887+00",NULL
"afe569e4-9709-4ae4-8024-199bc648a63a","تاكو سلاط","EDEN_FOOD","188.10",100,5,"2d75b1f1-55b3-459d-b57a-e7802d37f21c",NULL,True,"2026-01-11 23:34:25.44887+00",NULL
"dfd620c8-12ea-4669-b32f-e2bf007765a5","Mentos ","SNACK","35.00",16,10,"96980051-1014-4429-8b9a-d90c921a82c8",NULL,True,"2026-02-04 19:10:27.942+00",NULL
"c665eb1e-d18e-4b08-9f90-d7be5d34f27f","Galaxy ( small ) ","SNACK","25.00",9,1,"96980051-1014-4429-8b9a-d90c921a82c8",NULL,True,"2026-02-01 14:10:48.777+00",NULL
"5eeb14ec-9fe3-414c-abeb-8548a14ac2a7","Waffle ","SNACK","20.00",27,10,"96980051-1014-4429-8b9a-d90c921a82c8",NULL,True,"2026-02-03 22:50:13.037+00",NULL
"1da7fa09-7f52-4a53-bfed-3d8c0930b567","Break rizo","SNACK","20.00",9,20,"96980051-1014-4429-8b9a-d90c921a82c8",NULL,True,"2026-02-01 14:57:12.764+00",NULL
"2a4bd642-6680-49d4-9c63-c75802dccafa","Juhayna zabado ","DRINK","50.00",0,10,"55f0b9fc-d1da-478a-ab42-2842104885ca",NULL,True,"2026-02-18 19:50:18.503+00",NULL
"9745f7f6-6d1b-4b66-b3fa-8d5af03201fd","Mix hot drink ","DRINK","50.00",90,10,"55f0b9fc-d1da-478a-ab42-2842104885ca",NULL,True,"2026-02-12 18:00:59.061+00",NULL
"382b3c9a-0eb3-4123-95b4-9ac52dad2dc7","Bounty ","SNACK","50.00",44,10,"96980051-1014-4429-8b9a-d90c921a82c8",NULL,True,"2026-02-01 14:00:03.95+00",NULL
"8e2ee5ef-4f8c-45ab-b3d4-3ceabfda6c95","بطاطس ","EDEN_FOOD","40.00",0,5,"2d75b1f1-55b3-459d-b57a-e7802d37f21c",NULL,True,"2026-02-21 00:41:00.728+00",NULL
"0adcdc4e-c4d6-4bbe-a855-341be7311854","Faka skock souer","SNACK","5.00",197,10,"96980051-1014-4429-8b9a-d90c921a82c8",NULL,True,"2026-02-01 13:57:18.53+00",NULL
"8be0f6dc-1686-408d-9d62-9d7f12ae4ab4","Maltesers ","SNACK","50.00",14,10,"96980051-1014-4429-8b9a-d90c921a82c8",NULL,True,"2026-02-01 14:03:35.585+00",NULL
"68985e44-f0ce-4417-948b-602b62f20aac","Twist ","DRINK","30.00",0,10,"55f0b9fc-d1da-478a-ab42-2842104885ca",NULL,True,"2026-02-01 13:43:51.977+00",NULL
"1501ac6b-ff88-4efa-99f9-4f386dc97082","Oat balls ","SNACK","25.00",3,10,"96980051-1014-4429-8b9a-d90c921a82c8",NULL,True,"2026-02-13 20:37:16.367+00",NULL
"905ac50f-fc15-4509-b2a8-a55bfdd7d76f","Mars ( 40 G )","SNACK","50.00",23,10,"96980051-1014-4429-8b9a-d90c921a82c8",NULL,True,"2026-02-01 14:00:59.291+00",NULL
"bcb9a5b2-1e06-4b3b-b7c3-8781d771b24f","بيض مسلوق","SOHOUR","65.00",96,10,"2d75b1f1-55b3-459d-b57a-e702d37f28c1",NULL,True,"2026-02-19 23:49:02.951+00",NULL
"ea2e512e-9099-41be-80c4-fbe50d8f16bd","Hohos big ","SNACK","20.00",60,10,"96980051-1014-4429-8b9a-d90c921a82c8",NULL,True,"2026-02-23 17:34:31.002+00",NULL
"16cb59b0-59e9-402d-b866-41102909ddd1","Digestive","SNACK","15.00",9,10,"96980051-1014-4429-8b9a-d90c921a82c8",NULL,True,"2026-02-01 14:24:53.669+00",NULL
"3aa0f047-53bd-4770-9bb1-fe5e20b8c51f","Spuds","SNACK","25.00",12,10,"96980051-1014-4429-8b9a-d90c921a82c8",NULL,True,"2026-02-01 14:31:25.037+00",NULL
"2fd6f213-e2b4-4afa-850d-b75ba9a522c0","فول حار","SOHOUR","65.00",100,10,"2d75b1f1-55b3-459d-b57a-e702d37f28c1",NULL,True,"2026-02-19 23:45:08.095+00",NULL
"06c08b35-349e-4ad3-9d80-2045c37efbfa","Atayf ","SNACK","120.00",99,10,"96980051-1014-4429-8b9a-d90c921a82c8",NULL,True,"2026-02-22 00:31:58.066+00",NULL
"b90137c9-612a-4096-946e-faafc46dfc19","Crepe ","EDEN_FOOD","160.00",0,5,"2d75b1f1-55b3-459d-b57a-e7802d37f21c",NULL,True,"2026-02-04 19:04:26.743+00",NULL
"c86392ff-4b47-4ba3-a5a9-e9895bf778b4","Ben cake","DRINK","120.00",0,300,"55f0b9fc-d1da-478a-ab42-2842104885ca",NULL,True,"2026-02-06 22:36:24.531+00",NULL
"4d942d2a-5178-4635-ab19-fc21ae599f41","Batats","DRINK","50.00",0,10,"55f0b9fc-d1da-478a-ab42-2842104885ca",NULL,True,"2026-02-04 19:04:58.473+00",NULL
"9eac795c-9631-40fc-a086-15daffbd2ca9","Rual","SNACK","25.00",11,10,"96980051-1014-4429-8b9a-d90c921a82c8",NULL,True,"2026-02-01 14:36:38.09+00",NULL
"a4231bab-9868-4589-b039-38dfcf0b24bf","Juhayna ( milk ) ","DRINK","45.00",7,10,"55f0b9fc-d1da-478a-ab42-2842104885ca",NULL,True,"2026-02-18 19:51:35.563+00",NULL
"397fed2f-d53b-40a2-9161-22fb7cb0700c","ارز بلبن","SOHOUR","90.00",100,10,"2d75b1f1-55b3-459d-b57a-e702d37f28c1",NULL,True,"2026-02-19 23:51:31.547+00",NULL
"3d74b396-7c47-4b6c-bd15-1ceeea731ad2","فول زيت زيتون ","SOHOUR","65.00",98,10,"2d75b1f1-55b3-459d-b57a-e702d37f28c1",NULL,True,"2026-02-19 23:42:27.666+00",NULL
"1b04051f-d79d-4118-8a1b-4563652b5693","بيتزا مارجريتا","EDEN_FOOD","159.60",99,5,"2d75b1f1-55b3-459d-b57a-e7802d37f21c",NULL,True,"2026-01-11 23:34:59.152505+00",NULL
"56ebd41d-4ea6-480d-b6bc-103548330919","Juhayna ( zabadi GREEK ) ","SNACK","60.00",4,10,"96980051-1014-4429-8b9a-d90c921a82c8",NULL,True,"2026-02-18 19:54:57.727+00",NULL
"ab0627e6-c907-49ef-9985-f6d0093705a5","بيض عيون ","SOHOUR","65.00",100,10,"2d75b1f1-55b3-459d-b57a-e702d37f28c1",NULL,True,"2026-02-19 23:47:09.422+00",NULL
"a613c115-2cff-4321-bfdd-39ab3e0f9ebf","Twinkies (large ) ","SNACK","20.00",0,1,"96980051-1014-4429-8b9a-d90c921a82c8",NULL,True,"2026-02-01 14:23:58.463+00",NULL
"2f51e177-7ea6-4568-aea8-e77262c3f574","Mountain dew","DRINK","30.00",40,10,"55f0b9fc-d1da-478a-ab42-2842104885ca",NULL,True,"2026-02-12 00:05:40.971+00",NULL
"8a06b3ce-cabc-45de-87bd-40cb4ebf6b33","بيض خضار","SOHOUR","65.00",100,10,"2d75b1f1-55b3-459d-b57a-e702d37f28c1",NULL,True,"2026-02-19 23:48:36.413+00",NULL
"cf8b7245-3bf4-4004-94aa-00567de05816","Kitkat chrnsh","SNACK","40.00",27,10,"96980051-1014-4429-8b9a-d90c921a82c8",NULL,True,"2026-02-01 14:04:31.33+00",NULL
"3bacc44a-2caf-4df7-9ade-26e20980dd99","كنافه بالمانجه","SOHOUR","115.00",100,10,"2d75b1f1-55b3-459d-b57a-e702d37f28c1",NULL,True,"2026-02-19 23:52:07.123+00",NULL
"5419e5ef-7a16-4eab-8c9f-6c92ab9c0782","ام علي ","SOHOUR","100.00",99,10,"2d75b1f1-55b3-459d-b57a-e702d37f28c1",NULL,True,"2026-02-19 23:50:29.399+00",NULL
"7bc7090c-e595-4afd-9fa9-62b7c221ad2f","Todo ","SNACK","20.00",0,10,"96980051-1014-4429-8b9a-d90c921a82c8",NULL,True,"2026-02-01 14:02:41.181+00",NULL
"d70c0ddf-51f6-426d-ab85-6318103876ae","كنافه اوريو ","SOHOUR","115.00",100,10,"2d75b1f1-55b3-459d-b57a-e702d37f28c1",NULL,True,"2026-02-19 23:52:39.126+00",NULL
"32fe21e5-9b9d-4252-b2f4-c5b32f8bcc67","Juhayna ( zabady ) ","SNACK","15.00",23,10,"96980051-1014-4429-8b9a-d90c921a82c8",NULL,True,"2026-02-18 19:56:57.082+00",NULL
"0822d231-cd10-4e42-a71e-9a838716135a","Mandolin ( large )","SNACK","25.00",6,10,"96980051-1014-4429-8b9a-d90c921a82c8",NULL,True,"2026-02-01 14:15:29.73+00",NULL
"e1abfcb8-0992-4833-bb60-1021239124ae","Pepsi","DRINK","30.00",44,10,"55f0b9fc-d1da-478a-ab42-2842104885ca",NULL,True,"2026-01-10 19:32:44.251+00",NULL
"1f414c80-d71f-4eb7-9518-6179e4f04930","كنافه لوتس","SOHOUR","115.00",100,10,"2d75b1f1-55b3-459d-b57a-e702d37f28c1",NULL,True,"2026-02-19 23:53:08.714+00",NULL
"07f12c66-40ec-4af1-8262-dc2af9592542","Cadbury choco ","SNACK","30.00",85,10,"96980051-1014-4429-8b9a-d90c921a82c8",NULL,True,"2026-02-01 14:13:30.342+00",NULL
"6fa725cb-559c-40a5-a5ab-fa114d54d13f","كنافه نوتيلا","SOHOUR","115.00",100,10,"2d75b1f1-55b3-459d-b57a-e702d37f28c1",NULL,True,"2026-02-19 23:53:34.508+00",NULL
"91c80455-0107-47c0-a819-a497cb554a1c","Marinda ","DRINK","30.00",15,10,"55f0b9fc-d1da-478a-ab42-2842104885ca",NULL,True,"2026-02-01 13:45:28.059+00",NULL
"a948264c-04e0-4ea9-965d-1066597a722e","Kitkat ( small ) ","SNACK","25.00",55,10,"96980051-1014-4429-8b9a-d90c921a82c8",NULL,True,"2026-02-01 14:11:52.761+00",NULL
"11f42798-011c-42dc-9b3e-5acb1151ff09","فول حلو  ","SOHOUR","65.00",96,10,"2d75b1f1-55b3-459d-b57a-e702d37f28c1",NULL,True,"2026-02-19 23:44:19.049+00",NULL
"1092aaba-ce5c-4928-9ead-e01a65884e88","Mousy","DRINK","35.00",35,10,"55f0b9fc-d1da-478a-ab42-2842104885ca",NULL,True,"2026-02-01 14:08:14.933+00",NULL
"580a3d56-07d0-4d93-9611-e11c8c07e6a8","Katakito","SNACK","30.00",28,10,"96980051-1014-4429-8b9a-d90c921a82c8",NULL,True,"2026-02-01 14:44:28.576+00",NULL
"d85bd5da-ae7d-4502-a3ed-01c004d93d40","MIX ( ALL ) ","DRINK","25.00",74,10,"55f0b9fc-d1da-478a-ab42-2842104885ca",NULL,True,"2026-02-01 14:17:25.9+00",NULL
"92af03fc-477e-4a44-8fb2-a016d9a0f68a","Kinder ( BOY ) ","SNACK","60.00",37,10,"96980051-1014-4429-8b9a-d90c921a82c8",NULL,True,"2026-02-01 14:07:16.206+00",NULL
"dd0986df-c701-4b4c-9f96-9474af6330b9","Porotin bar zero ","SNACK","50.00",4,10,"96980051-1014-4429-8b9a-d90c921a82c8",NULL,True,"2026-02-01 14:06:35.636+00",NULL
"e1d82b78-b9a0-4c02-b7d9-73e832877494","Shock sour ( 2 = 5EGP ) ","SNACK","5.00",34,10,"96980051-1014-4429-8b9a-d90c921a82c8",NULL,True,"2026-02-02 19:12:41.126+00",NULL
"f09fd080-5be0-4a70-a700-33eb0580e57f","Break  ( 4 ) ","SNACK","40.00",0,10,"96980051-1014-4429-8b9a-d90c921a82c8",NULL,True,"2026-02-19 23:17:44.21+00",NULL
"cec333d7-080d-4f77-af1e-1308bd7092b4","Pan cake mix ","SNACK","140.00",90,10,"96980051-1014-4429-8b9a-d90c921a82c8",NULL,True,"2026-02-16 20:42:30.164+00",NULL
"2b165532-7bf3-4725-9cff-8583ff10e310","Pan cake","SNACK","120.00",119,200,"96980051-1014-4429-8b9a-d90c921a82c8",NULL,True,"2026-02-05 20:04:32.72+00",NULL
"7c668648-ae14-4712-8a22-bf4bddfaf0b8","وجبة السحور ","SOHOUR","300.00",98,10,"2d75b1f1-55b3-459d-b57a-e702d37f28c1",NULL,True,"2026-02-23 02:04:15.936+00",NULL
"eac2be7a-0685-4cf3-8351-abf658ccb159","فول اسكندرانى ","SOHOUR","65.00",98,10,"2d75b1f1-55b3-459d-b57a-e702d37f28c1",NULL,True,"2026-02-19 23:43:02.301+00",NULL
"054a0bb4-617e-4068-b587-e689920d7292","بيض اومليت","SOHOUR","65.00",97,10,"2d75b1f1-55b3-459d-b57a-e702d37f28c1",NULL,True,"2026-02-19 23:47:49.75+00",NULL
"d47b2a9f-6e58-4c75-b758-0a2f7fa63e8a","حلويات شرقية ","SOHOUR","100.00",99,10,"2d75b1f1-55b3-459d-b57a-e702d37f28c1",NULL,True,"2026-02-19 23:50:53.549+00",NULL
"dadd6018-bc6f-49ec-a972-0527220fd852","Hot apple","DRINK","60.00",98,10,"55f0b9fc-d1da-478a-ab42-2842104885ca",NULL,True,"2026-02-23 18:38:46.533+00",NULL
"00de7b90-74b5-41bb-996c-3fc81d962dd2","Pan cake loutas ","SNACK","160.00",92,10,"96980051-1014-4429-8b9a-d90c921a82c8",NULL,True,"2026-02-16 21:11:13.254+00",NULL
"6917e5ff-3a27-4b6c-b4ca-9f76320abbc1","فول زيت وليمون","SOHOUR","65.00",99,10,"2d75b1f1-55b3-459d-b57a-e702d37f28c1",NULL,True,"2026-02-19 23:43:36.802+00",NULL
"c4d95aca-eb4e-4562-af46-4b88387d1e9b","جبنه بالطماطم","SOHOUR","65.00",94,10,"2d75b1f1-55b3-459d-b57a-e702d37f28c1",NULL,True,"2026-02-19 23:49:59.404+00",NULL
"21135208-b115-444c-a8ec-bb721b5f64ee","فلافل","SOHOUR","50.00",95,10,"2d75b1f1-55b3-459d-b57a-e702d37f28c1",NULL,True,"2026-02-19 23:46:09.853+00",NULL
